study_hours,attendance,previous_score,sleep_hours,assignment_completion,extracurricular,final_score
4.37,59.26,54.39,7.36,74.32,0,61.39
9.56,77.1,53.58,7.98,88.33,1,85.4
7.59,93.65,89.84,5.25,85.61,0,89.68
6.39,86.61,53.73,7.12,49.23,1,65.84
2.4,90.33,54.96,6.86,48.95,1,59.18
2.4,82.94,81.77,8.16,56.09,0,69.63
1.52,84.61,64.74,8.53,61.66,1,59.29
8.8,92.46,82.72,4.06,64.51,1,87.39
6.41,62.48,43.6,7.37,80.78,0,65.96
7.37,74.47,66.82,4.26,43.4,0,62.92
1.19,61.06,41.85,6.74,42.08,0,47.87
9.73,99.38,43.45,5.44,63.51,0,79.95
8.49,97.2,89.85,5.53,81.83,1,95.6
2.91,51.97,47.66,5.76,51.61,0,49.44
2.64,85.28,69.28,7.11,78.49,0,72.69
2.65,96.26,62.61,5.67,55.59,0,67.36
3.74,59.03,59.1,7.66,93.17,0,68.54
5.72,78.4,89.49,6.02,93.74,0,81.1
4.89,95.77,41.2,4.34,57.84,1,64.09
3.62,51.7,76.51,7.92,53.8,0,70.9
6.51,84.87,92.99,5.43,64.68,1,83.24
2.26,64.87,70.81,6.16,54.43,0,69.2
3.63,96.22,91.53,7.43,80.34,0,81.44
4.3,98.55,42.87,5.66,89.56,0,67.52
5.1,97.21,63.03,4.28,80.39,0,70.06
8.07,73.71,54.31,5.87,89.46,0,77.03
2.8,93.1,80.2,8.72,63.82,0,69.37
5.63,92.23,93.97,7.21,49.38,0,81.44
6.33,65.96,54.11,7.36,84.28,0,67.27
1.42,91.45,75.98,7.16,61.63,1,70.95
6.47,51.85,50.9,4.99,80.28,0,67.86
2.53,79.81,71.09,6.09,56.24,1,69.34
1.59,61.5,65.52,7.75,44.87,0,48.07
9.54,56.03,93.46,4.51,99.55,1,99.63
9.69,53.85,73.47,5.39,49.37,0,77.38
8.28,84.81,59.22,5.38,99.31,0,78.24
3.74,66.99,46.28,6.16,98.64,0,63.61
1.88,86.24,48.32,8.9,87.63,1,68.06
7.16,53.27,52.39,4.34,79.57,1,64.66
4.96,65.76,53.8,6.59,74.67,1,68.27
2.1,76.97,86.78,4.9,91.97,1,71.73
5.46,89.54,70.87,8.85,57.37,0,76.62
1.31,65.94,68.79,4.57,68.06,0,54.85
9.18,81.29,46.31,6.02,77.16,0,70.3
3.33,94.3,87.31,7.69,64.67,1,81.56
6.96,80.79,79.75,7.52,65.65,0,84.95
3.81,61.65,43.72,6.11,59.82,1,59.35
5.68,51.22,78.93,5.73,73.85,1,77.03
5.92,93.5,69.89,5.99,91.03,1,83.9
2.66,51.06,44.49,5.32,52.09,1,48.11
9.73,93.74,65.21,5.03,96.07,1,93.19
7.98,76.45,66.66,6.42,81.35,0,74.95
9.46,96.95,49.12,5.34,89.4,1,80.04
9.05,89.94,92.01,5.44,73.37,1,90.13
6.38,99.9,86.75,7.28,86.77,0,94.56
9.3,67.54,76.8,8.84,40.97,1,88.81
1.8,88.36,65.43,7.02,89.1,1,72.9
2.76,70.1,62.65,4.38,42.41,0,60.08
1.41,73.99,75.8,4.38,93.39,0,61.91
3.93,81.38,70.0,8.76,99.52,0,80.05
4.5,93.68,43.43,5.49,57.64,1,63.56
3.44,99.2,68.19,4.46,52.62,0,70.28
8.46,88.41,84.35,7.0,85.92,0,91.27
4.21,70.89,65.26,7.12,55.18,0,64.96
3.53,71.07,42.86,7.24,91.93,1,66.85
5.88,86.88,83.25,5.34,46.17,0,79.66
2.27,61.94,51.08,4.08,47.56,1,48.51
8.22,55.52,54.22,8.83,98.75,1,80.44
1.67,67.73,49.06,5.25,80.43,0,50.61
9.88,64.36,58.16,7.38,90.81,1,74.63
7.95,64.82,81.62,7.53,59.46,1,84.43
2.79,61.68,68.57,7.05,80.59,0,68.4
1.05,52.1,51.27,5.56,75.65,1,53.73
8.34,50.89,88.28,5.36,76.19,0,73.59
7.36,99.39,88.38,6.99,80.95,1,92.44
7.56,71.39,87.88,8.33,74.52,1,80.74
7.94,69.22,53.13,8.73,65.74,0,80.73
1.67,83.98,64.82,4.53,56.56,0,54.58
4.23,60.91,94.17,4.77,86.11,1,82.81
2.04,97.5,82.46,8.72,53.58,1,80.37
8.77,89.32,41.49,7.68,81.54,0,74.46
6.61,54.47,43.59,8.41,54.0,1,60.86
3.98,70.88,65.52,5.01,77.52,1,69.6
1.57,93.96,90.01,6.94,84.82,1,75.98
3.8,97.24,69.63,7.51,53.12,1,74.95
3.93,73.37,67.38,7.4,43.6,0,63.78
7.57,80.67,45.8,6.04,47.86,0,60.2
6.74,58.35,76.12,4.08,76.36,0,63.81
8.98,99.56,85.22,6.91,90.97,0,97.12
5.25,61.58,60.92,5.27,42.7,0,58.82
2.08,97.14,82.66,6.25,84.05,0,73.32
7.42,82.48,93.05,8.79,60.48,1,94.65
7.85,80.39,51.21,6.0,68.71,0,77.61
6.05,75.63,68.78,8.2,95.73,1,81.9
7.94,61.53,55.79,4.94,59.92,1,68.72
5.44,58.83,83.61,7.36,67.92,1,79.87
5.7,61.02,71.77,8.89,40.82,0,65.61
4.85,59.32,74.9,4.51,44.9,1,66.59
1.23,88.98,83.89,4.04,55.52,0,66.82
1.97,67.51,61.78,6.17,41.67,1,60.27
1.28,52.89,90.33,4.46,77.88,1,58.03
6.73,98.46,69.32,7.74,65.58,0,79.18
3.83,94.19,48.69,8.57,72.89,1,67.73
5.58,96.39,78.27,6.17,50.48,1,79.84
9.17,99.75,83.63,5.29,57.76,1,92.67
3.24,58.69,57.42,6.17,79.83,1,69.16
4.69,69.81,87.14,7.62,97.92,0,80.33
7.8,87.91,89.84,4.05,43.03,1,81.06
3.06,84.8,55.23,6.95,93.42,1,74.97
1.69,57.69,94.09,7.07,74.61,0,71.68
3.61,90.79,47.74,7.19,73.84,1,72.81
2.45,61.22,51.11,5.21,70.02,1,57.73
9.37,61.19,50.13,7.57,44.16,1,68.55
8.27,76.85,89.17,4.46,45.39,1,77.42
6.7,79.65,75.99,5.0,76.05,0,71.97
8.84,79.0,48.37,8.39,60.46,1,81.13
8.23,54.57,64.22,7.69,95.04,0,84.52
2.68,93.87,73.84,4.07,64.4,1,76.48
9.03,63.28,44.59,5.24,48.6,1,71.37
5.85,56.48,88.53,5.07,82.88,1,83.61
8.27,94.44,84.2,5.35,57.6,0,83.38
9.06,97.78,67.79,5.24,71.53,1,81.9
3.86,93.11,93.19,4.31,81.87,1,85.04
1.99,90.48,62.98,6.29,94.02,0,70.33
3.05,82.76,94.13,7.66,87.53,0,82.18
4.84,77.54,76.74,7.03,80.58,0,78.66
8.36,54.35,74.91,7.36,80.78,0,82.45
8.75,70.42,49.13,4.41,96.76,1,81.4
1.06,68.63,88.51,8.76,57.75,1,76.34
5.6,62.99,63.51,8.19,40.07,1,71.29
4.76,86.17,48.92,8.03,56.32,1,72.12
3.0,74.79,40.69,8.11,53.07,0,58.89
2.08,54.05,70.79,8.66,79.71,1,65.89
4.04,61.01,69.01,6.72,78.02,1,73.26
9.49,84.16,79.56,5.0,75.61,1,83.66
3.91,53.81,88.96,7.08,40.97,1,74.66
5.67,92.56,44.37,7.71,83.73,0,67.57
7.33,74.76,80.23,7.69,59.41,1,84.94
4.27,74.03,50.31,6.61,79.9,1,63.61
9.75,79.62,87.2,4.34,73.39,1,92.55
9.66,91.23,85.05,5.86,60.56,0,89.9
3.27,67.39,69.74,8.6,48.07,0,59.79
5.48,83.9,79.06,6.92,45.67,1,79.06
3.71,78.29,57.29,6.69,89.89,1,68.19
3.56,63.35,65.91,5.34,95.1,1,72.46
1.33,93.93,85.19,5.84,78.99,0,72.55
6.49,89.87,65.26,8.48,46.21,1,80.26
5.52,82.92,59.68,7.33,64.12,1,70.07
1.46,92.53,67.18,7.94,83.74,1,69.79
3.51,93.36,85.55,6.27,86.79,0,77.98
9.17,85.42,58.44,7.15,47.09,1,83.69
3.16,91.85,49.56,5.24,40.0,1,66.18
2.3,84.87,79.16,7.53,82.73,0,70.92
5.41,84.01,85.43,6.14,61.4,0,82.94
9.87,80.93,45.54,6.21,55.27,1,67.73
3.18,87.64,53.19,7.25,40.77,0,56.3
7.05,57.93,47.81,8.68,72.42,1,67.99
7.85,94.04,59.14,4.32,91.07,0,73.87
3.14,93.59,64.77,8.12,97.46,0,69.7
7.55,51.46,81.19,5.46,73.94,1,80.53
4.31,91.29,75.81,6.22,70.87,1,76.67
6.69,56.44,74.15,4.11,45.1,1,70.42
6.7,66.76,59.38,5.51,72.93,0,72.85
5.82,87.18,86.28,6.51,62.8,1,84.44
1.81,58.04,65.92,4.28,76.43,1,61.73
8.52,90.9,93.85,6.46,63.32,1,93.23
3.89,91.61,74.88,8.64,54.42,1,72.61
2.68,75.37,46.94,4.53,45.7,1,58.08
1.37,50.32,77.19,7.82,58.9,0,58.71
6.32,64.35,57.88,6.05,45.8,1,63.12
7.1,80.85,77.75,7.28,50.61,1,80.92
1.15,99.06,43.83,5.3,99.24,0,57.21
5.61,81.59,49.62,4.8,66.65,1,65.23
3.04,62.99,87.07,4.8,71.91,1,72.03
6.81,81.7,52.49,4.35,92.42,1,75.51
2.57,77.0,86.04,4.93,99.73,1,72.7
7.22,88.99,55.36,7.32,74.96,1,77.5
4.48,55.35,75.36,8.41,88.75,0,78.87
9.43,88.05,78.18,8.07,59.62,0,91.58
2.24,77.06,68.2,7.43,58.34,0,73.07
4.07,98.15,56.79,4.55,64.16,1,72.85
2.02,67.09,51.7,5.45,80.35,0,61.36
9.32,81.63,41.83,5.55,80.93,1,71.18
8.9,96.6,56.72,5.25,58.91,1,83.18
3.32,55.13,75.92,6.58,47.99,1,64.75
6.94,96.86,91.61,6.68,77.94,0,88.29
8.35,84.39,87.92,5.78,47.7,0,85.04
6.0,53.39,82.13,5.77,74.71,0,78.06
5.77,65.05,83.36,8.14,81.61,1,85.06
3.18,85.41,76.57,7.95,82.04,0,72.54
1.84,53.37,54.32,5.54,85.21,1,60.34
9.07,79.11,89.9,8.57,92.37,0,94.13
9.1,67.29,76.89,8.76,70.0,0,87.64
6.7,81.05,70.82,5.63,83.81,1,79.55
4.05,52.29,46.1,5.77,77.15,1,58.08
4.14,93.58,64.59,6.53,51.2,0,72.22
7.53,98.67,65.32,8.71,41.54,0,76.56
9.07,98.44,87.55,8.38,57.07,0,100.0
8.98,87.48,70.07,4.51,66.58,1,75.95
8.02,56.5,60.92,5.96,77.03,1,72.78
6.78,87.91,93.72,6.77,91.0,0,92.61
1.76,51.23,46.09,6.52,51.77,0,50.65
2.45,51.11,63.24,4.97,47.53,1,54.67
9.09,66.18,42.31,8.29,97.81,0,77.65
6.46,74.43,80.69,7.38,46.48,1,80.97
1.08,88.52,90.49,8.19,68.71,1,75.75
1.91,84.16,55.4,8.29,75.13,1,72.29
6.97,72.3,87.21,7.74,72.48,1,90.25
1.05,63.68,56.07,6.2,45.16,1,56.54
2.45,99.86,90.09,7.05,43.42,1,72.85
5.94,71.31,81.47,4.8,46.33,0,71.46
7.23,72.57,84.27,7.37,75.14,1,85.2
6.87,58.18,40.99,4.9,72.66,1,59.37
3.02,89.74,92.95,7.47,54.02,0,78.78
7.41,84.68,79.97,5.15,78.27,1,82.76
3.14,61.04,56.76,4.59,89.2,0,62.8
3.93,54.12,85.62,4.83,42.49,1,61.94
7.72,84.02,55.48,4.01,69.89,0,78.89
6.85,82.73,88.0,7.59,81.36,0,84.47
8.64,63.66,46.19,7.66,55.14,1,73.15
6.92,97.54,78.7,6.57,58.47,1,88.15
6.11,57.55,69.74,4.81,76.82,1,69.66
1.84,71.62,45.31,4.42,93.88,1,60.91
4.31,97.18,53.3,4.1,88.6,0,63.38
3.39,70.99,40.68,4.83,74.99,0,61.2
3.2,81.93,65.78,8.45,83.81,0,72.71
9.76,69.88,56.57,5.21,61.89,1,74.88
4.54,63.71,72.91,5.77,78.46,0,68.83
9.03,99.2,56.35,4.53,67.97,1,84.35
6.68,70.47,56.5,5.11,51.4,1,65.61
8.15,94.7,80.88,6.6,82.1,0,86.84
5.52,61.5,42.65,7.04,73.39,1,63.72
6.19,60.66,89.66,5.23,61.52,0,71.35
5.43,51.56,86.87,4.29,94.68,1,84.22
2.76,82.58,76.73,5.96,41.26,0,63.12
7.5,68.43,72.63,5.17,58.95,1,79.78
3.53,93.22,89.08,5.1,43.41,0,73.63
1.22,73.66,50.19,8.8,85.99,0,57.51
6.81,98.41,44.34,7.08,82.13,1,77.14
2.59,59.28,53.17,6.78,59.88,1,61.25
9.46,93.43,83.7,6.08,80.54,0,92.09
9.59,88.83,41.91,6.14,63.76,1,81.95
9.23,88.55,72.05,6.7,85.38,1,94.96
4.33,92.24,94.75,7.48,67.25,1,89.43
1.14,88.05,87.06,7.51,64.74,0,70.07
9.35,81.31,68.68,4.86,96.08,0,81.07
4.85,56.56,43.5,6.5,55.05,1,56.23
9.7,51.63,85.73,6.06,47.23,1,83.54
9.67,96.04,72.94,8.35,75.07,0,94.89
8.68,80.83,46.32,7.16,98.16,1,72.84
3.65,89.83,45.16,6.66,62.67,0,62.26
4.47,74.08,90.03,4.58,43.72,1,73.55
8.66,55.87,76.81,7.03,60.36,1,80.19
3.85,56.26,85.61,4.59,70.36,1,75.44
2.53,84.28,88.34,5.69,49.72,0,71.76
6.01,71.52,71.45,4.71,79.49,0,78.57
9.43,60.03,68.46,7.46,99.86,0,84.84
7.26,74.58,63.67,5.03,67.1,0,76.72
6.13,53.21,57.43,5.96,61.28,1,72.74
1.87,79.1,63.9,8.48,64.04,1,72.44
6.54,63.45,82.56,5.02,46.91,0,68.12
9.91,89.88,73.11,6.54,93.0,1,93.08
2.26,65.52,89.09,6.1,64.89,1,69.43
5.66,72.76,64.39,4.09,63.24,0,68.83
8.9,50.58,73.39,7.96,79.58,1,86.67
7.67,53.62,74.72,4.35,66.52,1,71.19
7.27,69.62,72.54,6.37,78.89,0,79.16
7.32,74.0,78.64,6.8,43.69,1,71.31
4.24,80.0,53.06,7.14,88.82,1,76.96
3.64,64.58,68.18,7.44,96.43,1,71.47
8.28,84.75,45.73,5.27,78.93,0,73.63
8.29,93.01,61.15,4.05,97.27,0,80.16
8.8,88.99,66.82,7.62,49.09,1,88.57
9.22,51.98,75.87,6.68,68.64,1,70.96
5.6,74.03,92.28,8.18,76.11,1,86.73
5.51,55.25,73.04,8.11,74.9,0,73.37
8.18,62.1,80.9,8.22,64.09,0,81.32
6.85,99.33,67.84,6.43,60.29,0,86.32
7.32,57.12,74.88,5.67,47.61,1,70.02
8.16,74.94,43.9,7.96,63.5,1,77.31
9.01,80.91,53.99,6.26,49.76,1,77.88
4.04,85.12,59.9,4.92,84.06,1,75.13
4.38,77.98,65.99,8.27,52.53,1,69.27
1.85,50.49,42.51,8.41,43.51,0,45.81
6.2,66.32,47.7,6.33,73.14,1,72.32
1.32,75.89,55.22,4.38,75.71,1,59.44
5.19,54.39,93.43,5.94,92.31,1,75.13
5.88,67.53,58.22,8.02,74.62,0,69.66
3.58,51.66,66.51,8.51,60.73,1,67.98
6.32,53.93,50.79,5.02,88.18,0,68.46
1.27,69.85,73.59,4.33,72.42,0,57.56
1.34,56.64,55.44,8.39,44.76,0,41.71
8.4,78.38,51.38,5.95,73.95,0,76.77
4.24,84.47,68.41,6.71,94.48,0,70.8
2.14,90.03,40.3,8.84,63.78,1,54.23
5.7,60.01,40.42,4.33,57.78,1,46.24
7.93,58.37,52.05,7.24,48.61,0,71.13
2.94,55.23,42.02,4.37,49.09,0,47.54
6.61,81.82,45.94,5.88,65.97,0,66.77
1.77,85.32,58.64,8.02,75.74,1,72.95
1.47,51.58,84.14,6.17,44.84,1,63.95
5.78,96.81,71.46,8.99,96.37,0,93.23
5.87,52.6,68.2,6.8,85.31,1,68.47
6.74,77.06,56.14,5.61,75.2,1,73.45
7.53,85.45,91.25,5.1,89.71,0,82.5
9.78,93.55,61.84,5.75,44.81,0,79.24
5.65,85.7,44.79,5.86,68.61,1,67.03
3.91,90.09,73.94,4.34,77.81,1,76.35
8.16,66.97,46.26,5.85,89.72,1,74.39
3.44,90.74,58.99,6.32,87.01,0,72.41
4.95,54.01,67.91,7.61,56.62,0,69.67
1.71,94.74,88.08,7.28,96.45,0,88.06
1.23,77.38,67.15,7.54,47.46,1,61.22
9.66,90.86,78.62,4.04,92.51,1,88.03
8.52,72.62,94.6,5.09,98.26,0,92.3
7.26,82.18,47.23,7.31,50.63,1,68.47
4.68,76.32,55.11,6.42,83.32,0,74.31
2.56,86.58,61.7,4.03,42.42,1,58.58
2.41,54.08,63.2,8.02,64.33,0,58.38
3.25,53.02,62.61,7.86,70.98,1,63.2
5.94,62.36,89.92,6.74,74.84,1,85.01
7.43,57.98,79.27,4.33,96.16,0,78.21
6.94,93.59,73.43,7.83,80.34,0,83.01
3.52,60.96,57.02,6.92,68.88,0,68.32
9.59,98.79,85.31,7.91,88.58,0,95.33
7.64,66.84,92.53,7.76,97.03,0,91.19
5.99,59.11,85.17,8.02,41.32,1,79.43
6.51,89.48,40.09,6.59,98.95,0,66.39
4.78,82.94,75.0,4.7,45.17,0,70.53
3.23,74.91,42.81,7.36,88.86,0,58.18
4.2,77.77,54.17,7.1,56.82,0,67.49
7.82,85.96,43.27,7.71,47.93,0,66.8
1.13,61.42,73.21,4.85,66.39,1,62.74
2.04,99.82,77.76,4.97,78.64,0,75.97
1.41,98.74,46.3,8.45,62.86,0,65.04
1.37,82.52,61.11,7.75,43.27,0,60.43
8.7,59.98,65.09,8.54,75.97,1,81.81
7.33,84.01,60.3,7.79,94.14,1,81.75
5.27,53.61,46.66,6.99,62.99,0,66.03
1.88,51.53,63.04,7.27,52.98,0,53.13
5.42,62.88,81.31,8.45,66.55,1,75.1
5.26,73.13,43.91,6.89,42.9,1,64.58
2.56,93.41,44.41,7.16,89.23,1,63.57
4.9,86.36,59.51,4.78,89.58,0,67.17
4.59,87.14,91.79,6.37,75.28,0,76.09
6.54,71.27,76.77,7.58,61.19,1,78.1
6.72,67.3,77.33,5.35,87.99,0,78.21
1.41,68.55,59.91,5.01,73.28,1,59.68
4.37,99.38,72.65,5.57,89.56,1,83.83
6.63,52.01,40.56,5.21,77.89,1,64.78
5.53,93.35,74.99,5.07,87.06,0,78.64
8.71,78.93,90.23,6.12,75.91,1,90.92
6.93,71.93,73.69,8.54,64.85,1,84.08
2.47,86.26,88.05,6.54,97.48,0,83.75
1.64,74.33,79.82,4.94,72.47,1,67.68
6.78,93.67,46.63,4.38,76.31,0,68.16
1.24,95.04,89.63,7.48,53.23,1,70.71
6.27,71.09,43.65,5.91,77.54,0,59.9
9.46,63.84,69.37,8.11,74.3,1,88.68
6.18,79.62,47.82,7.3,51.09,1,71.03
4.49,95.62,40.64,7.98,43.58,1,67.4
6.79,60.53,63.21,5.36,76.26,1,72.17
5.12,81.15,56.23,7.46,85.82,1,80.41
5.91,81.58,66.73,5.32,71.4,0,71.2
9.47,86.66,71.75,8.7,53.61,0,91.03
4.47,56.58,42.41,7.18,79.99,1,61.96
9.65,85.79,46.77,5.62,44.81,1,72.37
9.15,95.45,70.73,5.35,66.51,1,89.08
2.76,58.98,58.87,4.95,49.8,0,55.85
1.62,61.88,80.1,7.47,51.07,0,64.77
1.91,98.57,75.88,5.09,52.14,1,68.82
1.16,59.05,86.51,6.98,63.2,0,64.79
1.85,92.72,78.09,5.32,43.07,1,76.5
7.15,74.61,63.65,7.31,63.87,1,82.35
1.64,62.36,77.01,8.07,70.7,1,71.14
3.87,93.54,55.15,7.89,69.0,0,70.32
8.6,72.27,56.85,7.8,62.97,1,83.04
1.21,75.74,83.39,4.94,90.35,1,72.39
8.33,67.96,64.55,4.44,48.72,1,73.09
3.54,79.65,83.91,7.49,70.34,0,74.72
2.06,58.18,85.23,5.84,43.72,0,61.62
7.27,69.55,87.17,6.16,44.27,0,65.8
6.66,98.47,90.41,4.16,74.43,1,88.23
8.9,62.91,63.7,5.3,73.96,0,74.21
7.62,82.84,57.54,4.17,92.68,1,84.27
8.23,66.26,72.02,8.4,73.47,0,82.73
3.54,88.67,60.41,5.22,97.59,1,67.43
2.6,56.54,73.06,6.79,42.92,0,59.79
7.76,98.49,78.81,4.19,45.88,1,77.66
8.26,72.69,77.86,7.33,42.64,0,81.74
9.91,61.8,60.6,5.62,51.12,0,75.61
4.71,53.67,49.18,8.49,72.48,0,67.17
4.35,58.49,63.68,8.44,78.73,1,68.16
7.99,75.99,47.84,5.63,42.74,0,66.9
4.07,66.85,88.96,8.5,96.76,0,76.48
9.38,91.44,59.02,8.98,90.53,0,92.25
8.73,71.54,48.5,8.13,57.8,0,76.03
4.86,62.44,41.4,8.22,44.63,1,62.14
7.76,80.86,75.52,5.25,50.19,0,77.4
7.79,85.34,75.03,6.88,47.62,1,83.93
1.93,58.35,58.73,4.34,47.4,1,59.08
9.12,58.38,43.94,4.47,71.11,1,68.1
5.55,51.83,62.53,8.99,54.75,1,70.38
8.44,86.82,57.12,5.63,61.49,0,71.78
3.88,83.19,77.24,7.74,99.37,1,78.42
9.06,73.73,73.32,8.03,81.06,1,89.66
4.5,92.21,60.05,8.29,96.94,1,84.11
1.1,90.28,51.98,8.99,48.55,1,60.74
9.15,79.27,94.34,5.21,62.93,0,88.05
1.82,93.41,64.97,4.2,73.28,0,61.64
3.87,60.29,77.86,6.06,44.61,1,64.63
9.55,55.6,47.73,4.65,40.25,1,67.89
9.56,63.49,66.71,4.11,80.23,1,74.15
6.16,52.85,41.51,5.8,78.51,0,66.11
6.69,76.56,67.8,7.92,64.65,0,74.67
5.04,96.83,93.02,6.83,69.38,0,88.05
3.64,51.97,61.13,5.56,64.93,0,53.89
3.96,56.11,42.14,7.27,41.44,0,55.67
7.05,72.61,41.7,5.16,60.12,1,68.2
7.77,96.69,61.34,4.07,50.62,0,75.47
8.12,65.81,48.8,7.82,45.91,0,65.19
8.11,75.36,41.28,7.12,97.4,1,78.08
1.82,52.08,81.59,7.81,75.96,0,61.9
5.45,57.42,65.22,4.19,83.72,0,65.77
1.52,99.33,55.91,8.19,58.92,0,68.46
5.95,98.26,89.5,7.1,63.59,1,91.21
4.97,50.25,46.39,6.82,54.22,0,57.14
8.99,97.59,92.58,7.12,45.82,1,90.05
4.16,81.96,57.27,8.32,50.74,1,71.51
2.05,93.4,88.86,6.93,87.85,0,78.57
2.29,72.74,73.16,6.9,80.65,0,59.05
7.85,75.78,85.47,8.95,72.82,0,92.19
6.56,74.44,94.12,7.78,68.51,0,86.09
1.91,83.34,55.86,6.21,95.35,1,71.42
1.76,56.98,92.86,7.54,44.36,0,61.87
7.31,51.5,61.42,5.95,56.84,1,56.81
1.65,65.4,61.2,5.14,61.0,1,58.62
8.4,85.23,58.72,6.98,86.95,1,85.28
7.36,60.09,69.78,8.64,99.55,1,77.96
1.73,83.67,48.48,8.65,54.44,1,57.25
1.76,98.5,70.45,5.71,92.46,0,82.22
9.88,54.7,69.79,6.64,89.84,1,84.28
4.37,83.63,81.9,5.06,53.48,1,76.85
4.34,72.19,85.85,8.98,63.96,0,75.78
8.32,93.41,64.22,8.91,64.58,0,76.63
9.53,58.86,56.63,7.25,98.69,1,82.4
9.87,84.63,54.26,8.02,50.85,1,81.2
7.78,91.91,50.7,7.58,87.95,0,78.53
4.39,97.23,43.17,6.97,60.05,1,66.52
1.75,84.16,58.83,4.27,83.85,0,61.84
7.99,74.86,54.86,6.27,65.2,0,72.75
6.03,80.89,93.15,7.37,74.7,1,83.06
4.82,93.45,70.67,7.39,89.96,0,81.99
9.16,78.53,59.1,5.87,88.25,1,75.52
2.0,51.52,71.93,8.71,91.99,1,61.14
5.43,96.55,47.66,4.84,43.58,1,68.32
1.1,84.48,64.42,6.5,81.52,0,66.21
5.22,83.83,74.44,7.45,48.4,1,76.08
1.51,60.78,66.89,7.49,64.95,0,54.72
2.07,82.94,62.1,7.24,72.92,1,64.47
2.06,69.69,94.66,5.38,64.16,1,70.85
6.84,82.56,88.42,4.78,71.18,0,76.03
7.71,55.33,74.29,7.18,99.79,1,81.13
6.25,82.89,71.32,7.0,48.11,1,79.49
9.66,99.97,74.14,4.9,80.53,0,95.22
4.37,52.41,51.07,7.53,63.76,0,58.47
3.57,98.86,61.73,6.28,47.98,0,69.94
8.82,70.35,42.17,7.34,49.52,1,63.65
3.01,93.54,66.16,8.19,96.96,0,78.85
9.67,89.12,69.87,4.85,92.78,0,84.42
1.11,78.35,52.53,4.1,94.42,1,60.36
9.73,86.92,93.02,7.9,99.49,0,100.0
1.39,93.93,90.02,7.05,52.5,1,79.49
9.02,70.21,79.72,7.5,61.33,1,83.44
5.75,66.35,69.34,8.19,80.15,0,78.73
9.94,83.38,87.85,8.01,69.03,1,95.52
1.66,90.39,47.19,8.8,65.1,0,61.09
5.98,88.11,83.48,6.68,61.47,0,80.31
9.72,89.89,46.87,6.44,75.63,0,76.32
5.71,71.78,83.68,6.01,74.54,0,78.05
6.66,90.89,55.17,4.77,49.69,1,70.5
7.26,56.01,88.24,6.86,68.3,1,83.75
5.09,77.22,91.92,5.39,73.21,0,79.74
6.65,50.29,48.18,8.61,74.22,0,70.78
6.26,66.23,65.45,6.92,52.61,1,75.76
9.11,68.32,93.95,6.96,84.54,0,88.25
1.41,69.81,66.59,5.77,41.51,1,61.15
3.53,84.77,87.5,4.26,61.29,0,67.24
9.55,69.43,72.38,4.16,86.81,1,86.71
9.01,72.43,60.64,6.12,73.83,1,82.97
5.1,61.88,55.72,4.42,55.67,1,53.97
6.58,68.66,51.18,7.03,81.7,0,71.28
3.5,61.36,81.9,8.4,74.04,0,71.52
2.69,53.66,61.26,8.41,87.77,0,61.66
5.17,80.17,68.12,7.3,84.1,0,81.77
4.18,83.41,67.08,5.06,76.61,0,67.07
6.25,80.97,71.75,8.31,69.29,1,78.58
1.7,73.17,87.61,8.43,47.99,1,71.69
9.77,68.99,93.94,4.98,55.68,1,91.67
9.88,93.17,62.42,7.69,65.15,1,87.91
7.28,75.95,85.51,5.43,75.96,1,89.54
5.82,73.96,82.05,8.01,70.82,1,84.84
3.79,51.28,71.54,8.99,57.29,1,60.12
8.32,67.06,92.58,4.15,40.39,0,76.79
7.16,69.01,51.03,8.49,69.77,1,72.52
2.46,69.94,46.01,7.11,57.14,0,57.41
9.2,79.01,86.97,8.87,84.08,1,86.65
8.4,76.68,64.15,6.33,41.44,1,86.7
9.55,80.4,86.58,8.24,75.09,0,96.0
7.53,88.24,89.12,4.31,96.49,1,91.21
6.52,90.65,43.44,5.68,50.46,0,70.44
4.76,85.91,88.59,4.34,68.3,1,88.22
9.39,97.78,64.66,8.88,45.49,0,89.29
8.79,50.91,68.07,8.08,77.54,1,85.55
1.41,59.79,74.46,8.26,73.03,0,65.41
1.24,50.38,90.95,8.69,64.44,0,67.14
4.39,82.37,41.05,4.43,71.28,1,59.24
8.29,94.9,66.23,5.93,93.79,1,84.55
9.89,62.17,77.82,4.36,51.78,0,75.94
2.35,96.35,79.75,5.05,41.35,1,63.45
6.35,53.01,78.09,5.15,91.7,0,74.97
4.43,96.72,47.39,6.35,74.63,1,62.98
9.73,67.58,56.47,5.34,93.44,0,80.4
8.58,55.07,59.73,4.5,75.82,1,73.35
8.54,74.29,84.24,4.84,88.61,0,86.84
5.22,62.84,55.33,4.74,65.78,1,61.86
4.73,64.24,51.59,8.87,84.99,0,81.09
3.46,65.36,92.66,7.8,94.78,0,85.51
1.51,90.15,40.49,8.84,74.33,1,57.4
8.78,76.96,94.88,6.2,50.85,1,90.41
8.32,65.57,77.23,5.39,56.13,0,75.01
10.0,80.52,85.57,7.99,51.92,0,86.76
9.97,85.81,56.2,5.63,54.81,0,73.07
6.0,63.63,40.79,5.5,58.38,0,60.73
7.92,70.68,80.58,5.16,73.31,1,80.16
9.5,56.09,85.88,4.65,75.28,0,87.17
8.65,59.06,80.73,5.28,65.59,0,83.42
3.23,84.06,47.86,5.78,76.93,0,67.33
5.05,59.07,81.44,7.37,44.89,1,69.33
2.16,76.26,82.29,4.31,45.27,0,64.62
9.59,85.45,76.22,5.05,50.31,1,87.39
6.46,55.34,82.14,8.05,71.08,1,78.79
3.06,78.37,86.53,4.73,52.84,1,67.54
7.05,62.83,73.75,5.71,57.0,1,81.55
6.56,98.15,44.87,8.32,64.02,1,76.74
4.22,74.18,66.82,4.77,88.71,1,73.79
2.02,90.3,44.27,4.41,40.83,1,50.07
7.04,77.51,62.41,6.42,78.96,0,71.56
5.68,52.17,62.39,5.51,80.13,0,64.49
7.95,81.66,43.63,6.82,87.92,1,76.4
5.68,97.57,59.19,8.02,95.97,0,76.6
8.67,80.08,46.1,4.69,41.21,0,67.0
5.97,90.96,84.45,6.9,49.23,1,75.65
6.05,94.21,92.12,6.53,93.17,0,85.49
8.89,61.4,43.98,4.72,67.51,1,71.79
4.63,60.6,92.53,7.12,73.88,0,80.26
2.21,80.55,68.74,5.37,79.78,1,66.14
1.26,70.55,56.48,6.44,80.74,1,56.72
7.8,91.99,44.23,4.41,95.9,0,70.26
6.58,95.0,67.53,6.3,99.82,0,82.02
7.34,67.67,83.7,5.53,83.21,1,86.53
2.92,61.84,78.89,8.11,57.23,1,73.74
2.23,89.03,42.76,4.28,92.79,1,58.7
1.13,63.74,44.01,6.09,42.95,0,41.95
4.16,91.13,62.16,6.29,53.86,0,68.96
6.31,71.19,56.24,7.63,93.84,0,71.91
4.53,83.38,52.78,6.87,55.37,0,63.01
4.94,54.78,55.46,7.34,53.24,1,69.0
9.14,81.19,84.19,7.89,48.29,1,92.93
4.13,72.59,91.11,8.31,91.55,1,85.57
5.63,79.33,62.28,5.57,70.0,1,67.5
8.05,58.4,89.84,6.69,80.49,0,86.21
4.57,86.84,57.68,8.2,54.34,1,75.68
6.6,93.14,66.2,8.95,85.48,1,85.04
8.76,60.84,52.43,8.45,85.6,0,83.34
9.55,54.79,75.23,5.86,58.76,0,83.92
2.32,51.18,93.84,4.98,64.64,1,74.71
9.34,82.1,73.19,6.45,52.58,0,84.16
5.43,80.35,59.68,7.71,98.59,1,81.23
3.32,77.33,75.63,6.46,78.74,0,77.41
5.13,61.6,46.76,6.42,96.07,0,67.34
9.82,69.55,88.88,8.19,58.2,1,90.58
5.43,79.72,67.67,5.81,86.91,0,73.17
3.96,74.84,64.71,8.3,85.95,1,75.81
6.7,99.39,72.22,6.03,81.5,0,78.02
3.16,56.82,74.36,5.64,97.94,0,67.87
1.68,84.76,43.95,6.27,63.61,0,59.87
2.16,70.22,77.54,7.81,47.84,0,56.71
2.15,71.41,53.31,4.63,80.3,0,63.45
2.37,85.88,79.27,4.98,83.76,1,77.36
2.25,84.62,85.24,8.76,74.5,0,74.85
6.77,99.56,84.22,4.88,52.41,1,85.66
2.64,56.42,70.39,6.84,70.27,0,63.32
4.11,55.21,68.61,6.9,58.73,1,71.41
9.07,86.22,47.86,6.45,65.65,0,80.12
5.27,78.92,82.64,7.22,78.71,1,76.92
7.01,63.71,54.93,5.15,84.71,1,74.27
2.55,53.97,67.32,6.76,53.93,0,58.15
2.73,54.28,55.64,5.86,64.32,0,55.93
1.37,94.71,47.36,7.31,56.15,0,55.41
2.52,59.59,74.63,4.71,51.92,1,68.18
3.51,66.17,42.99,6.85,87.0,1,66.54
2.59,61.33,81.18,4.93,94.56,0,65.77
1.8,67.75,57.47,5.39,62.21,0,50.24
2.09,53.47,40.01,5.09,85.08,1,50.77
5.15,75.95,68.11,4.91,93.82,1,77.08
2.86,53.38,42.58,8.13,90.77,0,59.49
4.28,90.02,55.19,5.43,50.97,1,70.82
5.53,61.69,78.88,8.64,97.38,0,84.49
7.21,77.0,43.45,8.85,62.6,0,75.18
1.35,94.0,86.16,6.86,60.35,0,72.99
8.19,82.54,40.21,4.72,43.75,1,61.15
6.65,76.65,53.58,5.87,69.17,1,71.11
1.74,66.22,80.75,7.99,46.54,1,71.05
8.86,66.65,57.39,5.84,54.91,1,74.36
9.29,83.47,45.6,4.44,59.02,0,73.39
1.55,99.71,59.81,6.78,88.53,1,68.93
3.49,83.09,54.87,8.23,92.53,0,66.65
8.26,77.89,86.35,7.98,58.15,0,86.64
7.73,86.53,57.23,4.88,91.52,0,78.95
2.66,73.26,83.39,7.36,91.43,1,74.63
2.88,53.01,89.05,5.1,85.88,0,68.57
4.33,78.11,63.86,5.09,48.8,0,60.01
5.36,97.88,90.05,8.37,81.42,1,95.74
6.56,58.77,60.75,5.25,96.7,0,70.63
4.32,84.5,93.02,5.32,80.95,1,88.19
5.16,60.05,44.91,4.0,59.9,1,63.74
7.73,76.79,77.79,8.35,70.03,1,86.61
1.33,54.83,67.16,7.96,78.74,0,57.52
3.27,72.52,61.32,7.14,70.63,1,59.1
7.42,87.81,74.8,7.75,47.2,1,77.11
9.06,67.38,78.71,4.76,58.72,1,76.12
5.61,83.25,40.24,6.29,88.14,1,74.92
5.79,89.77,49.18,5.76,91.69,0,72.49
1.96,96.36,79.22,4.47,48.24,1,69.41
5.03,61.73,76.65,6.43,97.14,0,67.08
5.79,69.97,93.13,8.6,59.73,1,80.15
3.18,57.62,81.86,4.2,79.74,0,69.94
3.42,99.62,92.29,5.46,85.11,1,84.88
4.4,96.35,78.64,5.04,88.72,0,78.06
1.18,77.0,56.39,5.19,96.74,1,64.65
3.9,92.1,45.8,8.54,58.78,0,72.37
2.9,76.05,83.0,6.34,91.51,0,73.87
3.95,81.18,75.43,6.33,47.9,0,69.46
2.08,54.46,42.65,7.8,82.3,1,57.83
9.01,87.76,59.8,4.77,84.52,0,90.43
6.34,56.39,92.62,6.44,80.66,0,72.91
7.11,91.3,67.52,6.15,55.14,0,79.9
8.1,89.1,63.8,6.98,92.38,0,84.28
5.49,85.44,65.17,9.0,50.13,1,78.9
1.78,51.81,51.49,7.85,43.22,0,48.46
5.83,65.16,60.28,5.99,83.05,0,69.96
6.28,63.16,60.34,8.14,68.53,0,74.79
7.71,68.01,42.88,4.85,90.95,1,83.26
4.88,54.38,82.22,4.15,63.0,0,70.78
2.15,96.85,62.91,5.02,50.1,0,58.41
3.55,77.69,85.22,5.7,90.19,0,74.64
4.27,65.28,86.77,6.55,72.93,0,73.05
6.81,69.85,51.66,7.08,51.35,1,62.22
6.14,72.36,76.15,8.55,83.22,0,80.46
4.2,80.03,65.98,6.55,70.67,0,72.96
9.88,75.78,88.41,6.51,76.26,1,88.9
6.45,95.97,51.87,4.25,67.65,1,76.2
3.14,74.85,77.28,4.17,89.72,1,73.53
1.92,99.61,73.43,6.76,89.77,0,71.07
2.38,92.57,56.24,6.19,82.56,1,67.24
3.21,60.43,47.51,8.2,46.32,0,62.38
2.45,96.53,75.84,4.8,90.33,1,77.65
2.68,55.82,80.62,4.12,80.26,0,64.34
3.57,90.87,57.36,6.25,81.82,1,69.86
2.56,69.03,75.47,5.19,61.78,0,63.97
9.07,93.9,61.73,4.25,92.76,1,83.3
1.72,93.4,79.23,7.62,83.52,0,66.26
5.72,90.3,50.96,4.56,46.76,0,72.21
4.69,89.5,88.96,7.04,64.47,0,81.62
9.84,65.23,55.81,5.41,93.18,0,80.86
2.01,54.05,60.23,4.87,42.83,0,50.4
4.58,70.15,43.2,5.9,97.68,0,61.16
9.73,58.68,46.13,8.01,80.75,0,75.57
8.79,84.75,68.37,5.96,77.88,0,77.08
8.35,67.3,54.72,7.75,56.23,1,84.67
3.32,98.78,85.95,4.63,54.93,0,68.38
2.54,82.05,40.81,7.86,96.52,0,59.18
7.02,91.12,60.85,5.18,57.9,1,73.77
9.36,56.63,58.55,7.39,86.53,0,84.44
6.01,93.1,41.06,6.83,63.59,1,69.86
6.14,96.14,46.84,8.65,48.36,0,66.26
3.52,74.35,62.75,5.94,40.64,1,67.65
7.93,80.31,67.11,4.33,72.66,1,81.68
2.68,88.24,62.24,4.1,98.55,0,69.22
3.91,58.74,69.2,8.13,62.15,1,72.14
4.83,75.13,72.73,6.62,61.43,0,81.28
5.57,69.93,40.55,7.88,60.65,0,71.75
3.18,57.32,65.53,5.17,71.23,0,58.05
2.03,68.38,92.99,5.73,66.44,0,76.36
6.5,53.41,68.55,4.15,92.79,1,74.59
3.6,51.29,77.26,8.81,70.33,0,72.05
6.23,56.76,57.15,7.34,70.47,1,63.74
2.39,98.16,82.57,8.67,48.3,1,76.07
5.33,77.48,82.51,5.33,98.96,0,77.28
5.79,98.29,68.67,7.06,55.0,0,80.32
1.47,71.62,93.68,7.39,44.4,0,72.81
4.03,65.59,46.91,5.59,79.79,0,51.66
2.21,75.31,40.93,8.24,75.72,1,60.54
1.57,71.98,82.36,8.74,64.91,0,74.47
9.91,55.28,84.39,8.42,65.33,1,89.06
3.9,82.04,46.61,7.7,87.1,0,70.0
8.29,60.8,54.61,5.39,51.74,0,69.24
3.29,80.98,40.97,5.41,89.22,0,61.62
7.13,82.51,56.13,8.82,78.92,0,77.96
7.84,57.6,82.52,4.05,65.14,1,72.99
6.36,53.07,68.49,7.58,67.48,1,69.49
5.24,89.04,59.15,7.53,55.4,0,74.06
4.71,72.99,60.45,7.11,85.13,1,73.04
4.14,52.91,40.07,8.95,70.77,1,60.44
9.37,99.74,56.49,5.56,59.25,0,78.67
8.48,52.89,75.56,5.7,75.76,0,76.9
9.69,84.75,93.58,4.39,99.74,1,100.0
2.12,99.18,86.59,6.21,66.12,1,75.34
7.58,61.96,41.3,5.31,95.24,1,64.67
9.45,57.11,89.42,5.72,60.7,1,88.99
2.63,56.07,83.08,8.17,43.28,0,64.8
1.6,65.16,82.92,8.68,52.25,0,67.03
7.67,55.05,65.19,4.93,65.12,1,78.59
6.17,84.61,61.89,5.86,53.18,0,70.7
8.58,53.11,56.66,8.64,40.01,1,74.02
2.26,75.47,43.61,4.31,94.9,1,53.99
8.16,99.83,52.55,4.46,90.63,0,78.16
2.81,90.7,53.56,4.81,84.54,1,68.26
2.47,80.76,66.62,6.98,50.07,1,59.41
2.48,65.31,81.11,4.75,47.22,0,62.66
8.33,81.19,66.06,8.84,44.06,0,80.46
6.99,76.35,43.18,6.23,83.44,1,71.88
5.71,71.3,92.68,6.51,95.73,1,91.24
4.23,56.54,91.85,5.23,65.83,0,73.09
8.89,94.33,83.19,6.35,47.15,1,94.73
4.53,72.49,94.52,7.31,70.74,1,78.51
8.35,59.73,69.95,7.76,60.93,0,78.62
4.95,68.39,92.95,7.77,62.49,0,79.96
4.39,70.71,44.16,6.89,77.28,0,58.23
5.16,91.38,60.11,8.52,83.12,0,81.3
3.71,86.68,52.4,8.09,46.64,0,73.38
7.73,88.47,50.77,7.79,42.14,0,72.71
5.52,50.55,47.74,4.28,99.66,1,66.02
3.09,70.81,74.23,4.03,53.96,1,64.35
9.1,74.07,82.97,5.06,43.23,0,77.82
4.46,50.96,71.81,7.32,51.39,0,57.86
5.89,62.99,48.08,6.06,42.34,1,58.77
9.16,88.01,84.61,6.01,63.51,1,85.09
6.62,56.86,74.98,8.42,88.14,1,88.83
2.05,76.77,61.35,8.48,60.47,0,63.28
9.46,60.76,77.08,8.55,66.65,0,84.21
6.65,50.61,54.29,5.57,80.54,1,71.74
4.01,62.06,58.99,7.46,70.53,0,60.37
2.25,98.79,90.46,5.36,91.69,0,75.78
8.15,90.08,55.98,4.95,91.96,0,79.47
6.58,97.98,65.85,4.92,40.59,1,78.68
5.8,74.39,88.96,5.71,86.68,1,86.09
9.05,55.49,78.92,6.15,67.64,0,81.7
8.1,77.4,43.42,8.15,99.33,0,78.36
2.37,72.72,48.1,4.6,68.99,0,56.14
3.81,92.22,40.43,7.67,99.21,0,69.31
3.24,54.9,74.7,6.66,85.27,0,63.87
7.7,74.41,64.62,5.44,54.92,1,75.32
1.3,57.5,47.39,6.46,72.3,0,47.59
6.13,66.23,92.69,5.5,99.53,0,84.51
7.86,86.87,69.13,6.98,91.45,0,83.49
8.89,73.8,53.3,6.17,45.84,1,83.93
4.08,68.79,67.53,4.82,82.38,1,69.02
8.39,69.72,77.38,4.58,60.73,0,72.37
2.0,72.97,44.19,6.73,40.42,1,52.68
8.62,89.25,55.11,8.51,64.21,1,85.16
2.15,94.6,84.38,5.72,54.09,1,79.21
4.58,97.77,65.28,7.67,89.13,1,78.35
8.18,89.35,70.06,7.29,60.24,1,78.48
2.35,65.77,63.8,8.66,89.65,1,73.06
3.06,84.41,42.41,8.1,40.04,0,52.02
7.5,71.88,49.12,6.83,58.47,1,69.59
7.48,62.73,64.5,7.29,54.47,1,73.89
6.77,92.04,51.51,8.49,54.01,0,73.92
7.25,51.92,42.75,6.0,44.09,0,61.83
5.88,95.09,86.4,5.63,51.23,0,77.37
3.27,73.07,93.97,4.05,73.33,0,71.65
4.11,81.86,83.62,8.13,57.48,1,78.68
2.63,82.97,86.96,8.0,65.04,1,77.98
9.18,94.76,53.31,4.52,62.61,1,79.12
6.25,81.83,92.83,6.88,92.55,1,92.44
4.61,80.7,50.83,6.32,94.32,0,72.45
5.16,53.33,92.33,4.59,69.58,1,76.77
9.53,75.92,94.72,8.9,59.81,1,98.29
2.38,57.51,79.14,5.07,46.41,0,53.4
6.28,86.87,93.96,4.34,97.2,1,89.24
5.55,75.61,71.32,6.97,43.61,1,74.89
6.5,84.01,54.27,7.69,57.86,1,77.19
1.16,52.08,64.03,4.16,57.88,1,49.89
8.85,54.24,72.65,7.29,59.22,0,75.58
9.39,85.82,44.02,6.66,49.86,0,71.22
6.09,53.6,74.23,4.52,86.99,0,73.89
7.27,53.56,93.96,4.86,47.35,0,80.31
9.3,50.61,50.46,6.84,78.09,0,71.38
7.37,97.83,83.59,5.48,47.43,1,88.2
2.37,86.88,89.93,8.69,44.23,1,76.95
6.19,67.66,91.9,8.09,94.57,0,86.99
6.46,64.83,92.81,8.92,51.41,0,81.84
4.82,67.49,68.68,5.3,89.28,0,73.9
7.63,88.73,93.75,8.85,72.68,1,97.11
9.41,83.07,81.65,6.16,44.67,0,93.75
9.33,59.26,48.89,5.74,97.33,1,74.09
5.06,58.71,66.23,4.25,54.82,1,66.24
2.02,54.92,79.51,4.26,91.58,1,63.88
9.86,83.02,53.6,7.46,50.13,1,77.26
8.55,88.22,75.23,6.29,91.24,0,88.43
2.12,63.25,76.66,5.13,40.79,1,61.15
9.29,51.05,48.95,7.07,70.71,1,85.44
8.83,54.11,71.08,5.26,86.17,0,77.86
5.67,98.39,82.44,6.89,96.09,1,84.93
6.32,64.77,67.44,5.8,94.55,1,78.33
4.59,88.46,40.67,8.12,89.18,1,62.66
1.49,81.23,40.5,8.1,93.29,0,59.93
4.02,69.1,59.64,6.39,51.95,1,64.17
8.23,60.28,90.94,5.75,57.05,1,86.82
1.04,56.07,52.58,5.81,57.34,0,53.43
4.0,80.75,74.89,8.03,62.62,0,71.79
4.58,88.73,52.21,5.64,63.6,1,66.88
5.84,82.2,57.69,5.05,72.67,1,68.63
9.28,76.52,86.64,4.42,49.59,0,78.39
4.12,52.1,80.09,6.33,81.47,1,73.7
4.12,98.42,45.25,6.41,50.05,0,57.86
7.64,89.94,63.58,8.2,58.62,1,80.77
5.07,64.64,41.6,5.11,70.2,0,54.37
3.02,99.0,66.45,5.9,87.79,1,76.83
5.07,80.09,76.43,8.04,84.37,0,87.37
2.27,79.12,46.52,8.12,78.73,0,56.56
2.59,87.4,55.89,5.92,49.35,0,52.38
5.49,90.59,61.88,6.3,72.82,0,73.36
4.77,82.82,90.57,5.52,45.25,0,75.32
9.23,56.4,94.63,8.66,62.64,1,92.75
4.26,66.91,42.47,4.59,64.81,1,55.73
6.23,96.4,81.86,8.67,42.39,0,82.05
6.69,61.23,60.44,7.42,56.44,1,73.19
1.12,68.61,61.59,6.66,97.34,1,68.82
6.97,71.6,81.48,4.16,97.22,1,75.28
2.6,71.97,90.51,6.38,61.14,1,71.84
9.65,80.65,92.3,6.04,42.59,1,90.86
2.34,97.15,71.74,4.81,50.75,1,63.53
4.73,62.03,59.64,7.28,63.53,0,72.49
1.77,56.08,83.32,8.86,96.87,1,72.07
9.97,59.87,53.81,6.81,48.47,1,75.06
5.52,94.35,71.02,7.57,85.81,1,85.98
6.36,82.29,59.72,4.34,46.52,0,64.38
1.6,64.3,76.11,6.09,98.88,1,62.09
7.75,90.8,53.22,4.58,62.9,1,72.75
2.89,93.07,50.54,7.06,86.51,1,73.22
9.08,92.33,90.5,8.69,60.56,0,93.62
2.85,95.95,45.6,7.31,77.66,1,63.49
2.72,62.61,67.83,4.38,51.52,0,61.06
1.33,87.75,52.15,5.77,48.76,1,55.78
5.25,73.03,42.14,6.75,96.28,0,65.01
6.08,92.1,41.98,6.02,95.06,0,72.2
1.59,86.42,49.64,8.17,93.25,0,67.96
7.98,88.82,87.67,8.07,77.53,1,100.0
5.08,82.81,55.54,7.06,88.5,0,75.87
5.72,58.87,92.28,5.87,44.14,0,78.43
4.97,77.25,71.99,5.28,60.09,0,67.97
4.61,99.23,64.01,4.53,58.82,0,65.28
6.04,96.87,71.9,5.77,78.14,1,82.26
2.4,52.16,68.42,6.07,61.36,1,61.1
2.64,58.24,81.73,7.38,48.91,1,62.94
8.76,56.59,55.54,7.29,75.79,1,76.25
9.52,86.3,59.42,4.35,88.86,0,83.3
4.36,90.89,89.18,5.98,62.93,1,82.13
3.44,60.68,92.06,4.91,47.94,0,69.52
6.8,75.29,89.09,4.78,51.8,1,81.34
4.68,92.04,63.07,8.14,54.25,1,72.49
1.23,86.64,82.92,4.21,57.99,1,64.38
2.41,77.11,66.2,6.1,78.57,0,60.74
7.44,79.52,67.36,4.84,76.06,1,85.9
6.93,75.42,51.26,8.4,81.76,1,77.26
1.24,64.88,72.51,6.79,61.75,1,62.01
3.0,78.25,50.24,5.16,89.44,0,58.16
3.08,84.44,58.24,6.51,52.25,1,76.32
7.05,93.67,87.03,7.66,68.14,1,86.22
1.18,81.81,51.39,8.79,88.06,0,61.97
1.94,88.06,43.91,5.1,50.81,0,54.76
8.2,58.0,43.8,8.43,46.59,1,71.46
2.61,73.08,91.74,8.67,93.02,1,86.04
6.87,50.47,67.88,8.58,60.58,1,82.23
3.14,62.33,62.52,7.18,81.03,0,67.15
1.89,86.32,84.6,7.15,41.52,0,64.34
3.19,99.59,85.97,6.02,81.4,0,78.19
7.5,54.96,58.27,7.76,58.97,1,73.86
8.7,70.07,78.15,6.66,43.34,0,87.88
8.47,90.0,82.41,7.39,76.59,1,87.0
4.57,60.2,76.01,6.14,54.45,0,72.27
7.01,77.75,48.34,7.66,63.21,0,71.69
2.84,86.65,88.17,8.12,44.83,0,77.56
3.64,80.8,69.65,4.73,48.83,1,65.65
9.07,59.4,55.54,8.16,57.88,1,73.54
1.12,67.77,63.39,6.7,45.39,1,60.4
1.77,89.19,42.07,8.22,94.65,1,68.14
2.87,77.71,47.03,6.16,40.36,0,58.36
1.24,50.26,82.11,5.9,69.03,1,63.03
2.63,88.05,40.0,8.58,47.39,0,55.77
6.25,51.77,62.91,5.26,58.46,1,60.41
4.79,87.29,68.74,8.22,95.56,1,85.44
9.03,60.12,43.0,6.42,49.7,0,68.44
8.36,97.9,93.52,6.57,97.95,0,93.89
4.08,68.4,52.44,5.54,52.35,1,58.23
3.33,66.35,56.73,6.87,84.49,1,64.57
4.42,57.44,56.72,5.63,72.8,0,55.81
6.31,65.28,52.67,4.2,93.07,0,64.26
3.41,93.83,40.08,5.36,73.24,0,55.82
6.62,99.82,80.11,4.03,72.07,0,79.76
4.68,68.42,93.18,8.89,51.73,0,76.15
5.97,72.43,52.34,8.83,49.97,1,63.96
4.93,86.1,76.47,5.98,94.99,1,89.6
3.65,94.31,80.8,7.64,59.67,1,83.69
9.54,79.65,86.66,5.73,62.32,1,86.93
7.87,69.58,63.24,7.36,85.59,0,80.69
2.26,70.63,56.66,8.03,60.33,0,62.37
8.82,84.78,57.89,8.73,97.12,0,91.69
5.39,50.16,79.19,6.0,84.28,1,71.59
9.05,80.98,84.92,7.92,75.85,0,96.17
8.2,67.77,49.99,5.33,92.85,0,71.28
4.83,89.71,60.4,8.95,42.98,1,67.68
1.2,54.65,89.61,4.13,55.42,1,64.7
3.42,79.41,84.37,7.02,67.9,1,81.83
5.87,74.05,94.17,7.3,53.62,0,91.8
6.7,82.12,81.48,7.44,84.63,0,80.75
3.32,53.24,61.63,4.6,95.15,1,66.49
2.25,79.0,72.49,8.69,65.43,1,70.02
8.51,78.07,76.36,4.91,60.53,0,83.2
9.86,78.03,44.32,7.11,97.69,1,77.21
5.73,80.17,69.95,5.11,66.69,0,67.47
2.55,83.82,79.01,5.54,69.34,1,68.38
3.45,90.25,49.2,6.73,61.1,1,65.48
1.17,63.49,82.93,6.09,94.57,1,67.39
9.23,91.25,72.11,4.8,74.14,0,87.52
2.06,74.91,92.37,4.85,85.73,0,76.71
6.19,53.85,42.33,6.09,88.71,1,67.9
3.47,52.93,54.59,7.79,60.51,0,65.59
5.99,66.71,73.09,8.49,66.02,1,80.19
6.86,89.24,56.31,4.42,90.91,1,72.11
8.47,85.38,79.29,5.97,61.8,0,89.67
2.86,89.43,81.75,4.5,87.64,0,71.12
1.1,75.86,45.64,4.08,96.46,0,58.13
2.23,72.01,68.26,7.31,77.39,0,72.74
9.1,57.37,67.99,7.01,84.5,1,85.04
8.87,66.41,60.31,4.82,88.31,0,71.04
6.38,71.7,91.31,5.17,90.7,0,79.93
6.4,54.43,85.51,4.12,63.7,1,79.85
6.99,61.03,78.35,8.17,43.08,1,77.14
2.58,79.91,79.29,8.87,64.11,1,75.42
9.23,86.78,65.39,4.68,80.43,1,87.43
4.77,99.92,90.65,5.16,67.02,0,84.21
4.45,96.66,78.2,8.34,84.94,0,84.19
5.67,82.13,80.09,8.63,61.42,1,81.96
1.42,71.06,87.39,6.1,78.08,1,69.97
2.5,81.81,55.07,4.25,51.19,0,59.37
7.64,89.28,84.39,4.2,84.96,0,87.75
1.75,55.92,50.74,6.87,72.74,0,53.49
6.43,70.5,58.99,5.96,52.24,0,71.93
3.21,91.99,58.46,4.14,57.51,0,61.2
4.5,69.19,93.82,6.92,84.92,1,79.64
3.6,78.59,87.11,4.06,68.96,1,70.59
4.2,79.39,78.56,7.94,52.96,1,71.81
7.47,59.22,79.99,5.53,98.04,1,82.43
3.67,68.11,70.91,4.2,82.91,0,71.3
6.1,66.73,92.09,6.94,97.43,1,84.63
5.28,51.31,67.29,5.99,65.63,0,66.61
6.97,51.21,60.93,8.87,68.51,0,69.95
9.43,91.58,48.97,6.72,93.88,0,82.16
7.59,63.65,83.24,5.38,71.5,0,73.6
2.93,75.9,80.39,7.55,82.44,0,73.46
1.28,64.94,61.14,5.36,55.13,0,53.12
3.36,97.03,41.39,8.52,66.8,0,67.26
6.36,62.96,86.14,5.87,47.41,1,77.45
1.46,71.48,40.63,6.75,52.36,0,45.36
5.47,93.64,78.7,4.25,40.06,1,78.67
6.37,92.1,93.36,6.13,42.36,1,85.42
4.01,59.31,64.07,8.16,98.64,0,72.14
7.94,90.13,52.92,8.03,54.54,0,76.58
1.96,72.91,78.77,5.12,79.8,1,66.63
1.68,74.15,84.94,5.13,90.35,1,72.87
7.55,56.67,70.05,8.09,73.04,1,81.73
5.46,54.03,93.19,8.65,49.19,1,72.44
7.2,86.4,42.84,4.48,83.69,0,67.38
4.91,74.82,67.76,6.25,76.02,0,70.72
3.22,71.84,79.51,5.69,83.88,0,72.38
8.37,86.48,87.45,8.35,86.18,1,100.0
8.19,88.28,49.86,4.42,98.52,0,73.91
7.25,57.95,84.0,5.06,74.41,1,77.87
3.45,80.51,70.4,7.76,60.5,0,68.03
6.31,56.77,61.81,4.26,78.91,1,65.78
4.25,87.57,47.24,6.46,44.11,0,59.59
1.82,82.85,87.59,6.21,93.84,0,78.26
9.26,97.83,48.65,5.67,47.16,1,73.1
2.23,53.45,57.04,5.97,59.67,1,57.85
9.55,52.85,55.95,6.65,88.94,1,72.54
5.01,64.11,87.93,4.81,75.84,1,74.47
